{
    "web": {
        "client_id": "536812162695-2mvrk93j31sqjp6t1lp7iv3er9n8sjcc.apps.googleusercontent.com",
        "project_id": "tidy-fort-381215",
        "auth_uri": "https://accounts.google.com/o/oauth2/auth",
        "token_uri": "https://oauth2.googleapis.com/token",
        "auth_provider_x509_cert_url": "https://www.googleapis.com/oauth2/v1/certs",
        "client_secret": "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",
        "redirect_uris": [
            "https://www.narvaez.com.ar/valuador/mailing/get_oauth_token.php"
        ]
    }
}